event_id,file_id,timestamp,action,from_user_id,to_user_id,department,stage,note_text
EV1001,F4921,2025-01-28T09:30:00,RECEIPT_DIARISED,E100,E100,General Administration Section,Receipt,"Grant application received from District Education Office. Diarised."
EV1002,F4921,2025-01-30T12:00:00,NOTE_ADDED,E100,E100,General Administration Section,Initial Review,"Roof repair grant is urgent before pre-monsoon rains. Examine priority."
EV1003,F4921,2025-02-01T10:05:00,ASSIGNED,E100,E101,General Administration Section,Initial Review,"Assigned to Amit for initial examination and draft note."
EV1004,F4921,2025-02-01T10:20:00,FILE_OPENED,E101,E101,General Administration Section,Initial Review,"File opened."
EV1005,F8832,2025-02-20T10:00:00,FILE_CREATED,E100,E100,General Administration Section,Creation,"File opened for procurement of 50 computers for section modernisation."
EV1006,F8832,2025-02-21T09:45:00,ASSIGNED,E100,E102,General Administration Section,Initial Review,"Priya to prepare procurement proposal and budget note."
EV1007,F8832,2025-02-24T15:30:00,NOTE_ADDED,E102,E102,General Administration Section,Initial Review,"Draft proposal ready. Sending to Finance for budget approval."
EV1008,F8832,2025-03-01T11:00:00,FORWARDED,E102,E201,General Administration Section,Budget Check,"Please approve."
EV1009,F8832,2025-03-04T12:15:00,CLARIFICATION_REQUESTED,E201,E102,Finance Department,Budget Check,"Need more details."
EV1010,F8832,2025-03-07T10:40:00,CLARIFICATION_PROVIDED,E102,E201,General Administration Section,Budget Check,"Attached the brochure."
EV1011,F8832,2025-03-10T15:05:00,CLARIFICATION_REQUESTED,E201,E102,Finance Department,Budget Check,"No, we need the exact price breakdown."
EV1012,F8832,2025-03-12T11:30:00,CLARIFICATION_PROVIDED,E102,E201,General Administration Section,Budget Check,"Price breakdown attached as Annexure A."
EV1013,F8832,2025-03-13T16:20:00,CLARIFICATION_REQUESTED,E201,E102,Finance Department,Budget Check,"Budget provision for Q3 not indicated. Please confirm."
EV1014,F1104,2025-03-03T09:15:00,RECEIPT_DIARISED,E100,E100,General Administration Section,Receipt,"Pension clearance case received from Personnel branch."
EV1015,F1104,2025-03-03T09:40:00,ASSIGNED,E100,E103,General Administration Section,Verification,"Kavita to verify service record and dues."
EV1016,F1104,2025-03-05T11:20:00,NOTE_ADDED,E103,E103,General Administration Section,Verification,"Service record verified. No dues pending."
EV1017,F1104,2025-03-06T10:10:00,FORWARDED,E103,E100,General Administration Section,Approval,"Verification complete. Submitted for approval."
EV1018,F1104,2025-03-07T12:00:00,FORWARDED,E100,E201,General Administration Section,Pension Verification,"Please verify pension calculation and disbursement."
EV1019,F1104,2025-03-10T14:30:00,FORWARDED,E201,E100,Finance Department,Pension Verification,"Calculations verified. Returned for final approval."
EV1020,F1104,2025-03-17T09:50:00,NOTE_ADDED,E100,E100,General Administration Section,Approval,"Final approval note under drafting."
EV1021,F2210,2025-02-10T11:00:00,FILE_CREATED,E100,E100,General Administration Section,Creation,"File for Q4 office supplies purchase."
EV1022,F2210,2025-02-11T09:30:00,ASSIGNED,E100,E103,General Administration Section,Initial Review,"Kavita to compile section indent."
EV1023,F2210,2025-02-18T12:45:00,NOTE_ADDED,E103,E103,General Administration Section,Initial Review,"Indent compiled from all desks."
EV1024,F2210,2025-02-26T10:15:00,RETURNED,E100,E103,General Administration Section,Initial Review,"Estimate exceeds Q4 budget ceiling. Revise indent."
EV1025,F3305,2025-03-10T09:00:00,FILE_CREATED,E100,E100,General Administration Section,Creation,"Approval for state training program nominations."
EV1026,F3305,2025-03-10T09:30:00,ASSIGNED,E100,E102,General Administration Section,Initial Review,"Priya to compile nominations."
EV1027,F3305,2025-03-12T11:00:00,FORWARDED,E102,E100,General Administration Section,Approval,"Nominations compiled. Submitted for approval."
EV1028,F3305,2025-03-14T10:20:00,NOTE_ADDED,E100,E100,General Administration Section,Approval,"Approved in principle. Draft approval order."
EV1029,F5518,2024-08-10T10:30:00,RECEIPT_DIARISED,E100,E100,General Administration Section,Receipt,"Medical reimbursement claim received from retired employee."
EV1030,F5518,2024-08-12T09:50:00,ASSIGNED,E100,E103,General Administration Section,Verification,"Kavita to verify hospital bills against entitlement."
EV1031,F5518,2024-09-05T12:30:00,FILE_OPENED,E103,E103,General Administration Section,Verification,"File opened. Bills under examination."
EV1032,F6624,2025-01-15T09:00:00,RECEIPT_DIARISED,E301,E301,Public Works Department,Receipt,"Road resurfacing estimate received from field office."
EV1033,F6624,2025-01-20T10:00:00,ASSIGNED,E301,E302,Public Works Department,Estimate Review,"Das to check and finalise estimate."
EV1034,F6624,2025-02-03T11:10:00,FORWARDED,E302,E201,Public Works Department,Budget Check,"Estimate submitted for financial concurrence."
EV1035,F6624,2025-02-06T15:40:00,CLARIFICATION_REQUESTED,E201,E302,Finance Department,Budget Check,"Rate analysis for tar work missing."
EV1036,F6624,2025-02-10T10:25:00,CLARIFICATION_PROVIDED,E302,E201,Public Works Department,Budget Check,"Rate analysis attached."
EV1037,F6624,2025-02-14T12:50:00,CLARIFICATION_REQUESTED,E201,E302,Finance Department,Budget Check,"Please attach previous year's budget spend."
EV1038,F6624,2025-02-18T09:55:00,CLARIFICATION_PROVIDED,E302,E201,Public Works Department,Budget Check,"Previous year spend statement attached."
EV1039,F6624,2025-02-21T16:10:00,CLARIFICATION_REQUESTED,E201,E302,Finance Department,Budget Check,"Estimate exceeds delegated limit. Get HoD approval first."
EV1040,F7741,2025-03-05T10:00:00,RECEIPT_DIARISED,E100,E100,General Administration Section,Receipt,"Land record correction application diarised."
EV1041,F7741,2025-03-06T09:40:00,ASSIGNED,E100,E101,General Administration Section,Receipt,"Amit to process correction request."
EV1042,F7741,2025-03-06T14:20:00,FORWARDED,E101,E100,General Administration Section,Approval,"Sent for approval directly."
EV1043,F8123,2025-02-25T09:30:00,FILE_CREATED,E100,E100,General Administration Section,Creation,"Post-matric scholarship disbursement file."
EV1044,F8123,2025-02-26T10:00:00,ASSIGNED,E100,E102,General Administration Section,Initial Review,"Priya to prepare disbursement list."
EV1045,F8123,2025-03-01T12:00:00,FORWARDED,E102,E202,General Administration Section,Funds Verification,"Disbursement list sent for funds verification."
EV1046,F8123,2025-03-03T09:20:00,NOTE_ADDED,E202,E202,Finance Department,Funds Verification,"Handling officer is on leave. Will process on return."
EV1047,F9034,2025-02-01T09:00:00,FILE_CREATED,E100,E100,General Administration Section,Creation,"AMC renewal for section servers."
EV1048,F9034,2025-02-03T10:30:00,ASSIGNED,E100,E101,General Administration Section,Initial Review,"Amit to obtain AMC quote from empanelled vendor."
EV1049,F9034,2025-02-10T12:00:00,NOTE_ADDED,E101,E101,General Administration Section,Initial Review,"Quote received from vendor."
EV1050,F9034,2025-02-12T11:45:00,FORWARDED,E101,E201,General Administration Section,Budget Check,"Quote submitted for financial concurrence."
EV1051,F9034,2025-02-20T15:10:00,FORWARDED,E201,E101,Finance Department,Budget Check,"Concurrence given. Please draft renewal order."
EV1052,F9034,2025-03-16T10:40:00,NOTE_ADDED,E101,E101,General Administration Section,Approval,"Renewal order drafted. Putting up for signature."
EV1053,F9310,2025-01-05T09:00:00,FILE_CREATED,E100,E100,General Administration Section,Creation,"Recruitment of data entry operators."
EV1054,F9310,2025-01-08T10:00:00,ASSIGNED,E100,E102,General Administration Section,Initial Review,"Priya to draft advertisement."
EV1055,F9310,2025-01-20T11:30:00,FORWARDED,E102,E100,General Administration Section,Approval,"Advertisement draft submitted."
EV1056,F9310,2025-02-01T12:00:00,APPROVED,E100,E100,General Administration Section,Approval,"Advertisement approved."
EV1057,F9310,2025-02-20T17:00:00,CLOSED,E100,E100,General Administration Section,Dispatch,"Recruitment completed. File closed."
EV1058,F9555,2025-03-15T14:00:00,RECEIPT_DIARISED,E100,E100,General Administration Section,Receipt,"Receipt received on Saturday; diarised on arrival."
EV1059,F9555,2025-03-17T09:30:00,ASSIGNED,E100,E101,General Administration Section,Initial Review,"Amit to examine vehicle availability."
