file_id,title,file_type,priority,created_at,deadline_at,current_holder_id,current_status
F4921,School Roof Repair Grant,Infrastructure,High,2025-01-28T09:30:00,2025-03-25T17:00:00,E101,Active
F8832,Purchase of 50 Computers,Procurement,Medium,2025-02-20T10:00:00,2025-04-10T17:00:00,E102,Active
F1104,Pension Clearance Case 77,Service Benefits,High,2025-03-03T09:15:00,2025-03-28T17:00:00,E100,Active
F2210,Office Supplies Purchase Q4,Procurement,Low,2025-02-10T11:00:00,2025-04-30T17:00:00,E103,Active
F3305,State Training Program Approval,Training,High,2025-03-10T09:00:00,2025-03-30T17:00:00,E100,Active
F5518,Medical Reimbursement Case 118,Service Benefits,Medium,2024-08-10T10:30:00,2024-11-30T17:00:00,E103,Active
F6624,City Road Resurfacing Estimate,Infrastructure,Medium,2025-01-15T09:00:00,2025-04-15T17:00:00,E302,Active
F7741,Land Record Correction Survey 214,Records,Medium,2025-03-05T10:00:00,2025-04-05T17:00:00,E100,Active
F8123,Post-Matric Scholarship Disbursement,Welfare,High,2025-02-25T09:30:00,2025-03-20T17:00:00,E202,Active
F9034,AMC Renewal Section Servers,Procurement,Low,2025-02-01T09:00:00,2025-05-01T17:00:00,E101,Active
F9310,Staff Recruitment Data Entry Operators,HR,Medium,2025-01-05T09:00:00,2025-02-20T17:00:00,E100,Closed
F9555,Vehicle Allotment Pool Car,Administration,Low,2025-03-15T14:00:00,2025-04-20T17:00:00,E101,Active
